<?xml version="1.0" encoding="UTF-8" standalone="yes"?>
<addon id="context.on.file" name="Context On File" version="1.0.0" provider-name="wojci">
  <requires>
    <import addon="xbmc.python" version="2.20.0"/>
    <import addon="script.on.file" version="1.0.0"/>
  </requires>
    <extension point="kodi.context.item" library="addon.py">		
      <item>
        <label>32000</label>
        <visible>true</visible>
      </item>
    </extension>
  <extension point="xbmc.addon.metadata">
    <summary lang="en">Adds a contextmenu button to context menu in your videolibrary</summary>
    <description lang="en">Add contextmenu button to context menu in library.</description>
    <platform>all</platform>
    <forum></forum>
    <source>https://github.com/wojciiii/kodi-rcs</source>
  </extension>
</addon>
